{"0": 4.628749297384516, "1": 4.017724500077164, "2": 3.96341338019934, "3": 3.6960424099718607, "4": 5.328015424766277, "5": 6.0238872392256555, "6": 6.643856189774724, "7": 4.116996643617137, "8": 8.191343985077218, "9": 6.105187341327503, "10": 5.864983643874595, "11": 3.4579896444633906, "12": 4.76044116409505, "13": 4.479002177879835, "14": 3.0915308968459203, "15": 4.916795591226383, "16": 5.49946628043955, "17": 6.253709866037592, "18": 5.222189952029977, "19": 4.136896201054841, "20": 6.136896201054841, "21": 5.90993104992857, "22": 5.12095465718582, "23": 5.343347078522268, "24": 4.247927513443585, "25": 4.968159091849991, "26": 1.4813323517143155, "27": 4.946925257410771, "28": 4.460495048926718, "29": 4.53071721442399, "30": 4.300822461875711, "31": 5.838672366758748, "32": 5.026359724905176, "33": 7.105187341327503, "34": 4.630629030602739, "35": 4.432352084581013, "36": 4.232144516202658, "37": 7.191343985077218, "38": 5.277073859103102, "39": 3.320410267245109, "40": 7.965784284662087, "41": 4.989710123907567, "42": 2.933521005888766, "43": 3.551043422588131, "44": 3.96341338019934, "45": 4.212303603712864, "46": 3.959864313118269, "47": 2.423363301353758, "48": 5.08185483749688, "49": 4.206684531211704, "50": 4.568053365696962, "51": 4.166587885991647, "52": 5.236431874605756, "53": 4.249370930313254, "54": 4.360402242701998, "55": 5.422548909550654, "56": 4.007918548708515, "57": 4.876089896113165, "58": 5.984893107609792, "59": 6.628749297384516, "60": 3.493467539818107, "61": 2.0180320126096913, "62": 3.85836070168086, "63": 4.0563648627428295, "64": 2.414025436774422, "65": 4.487493638773474, "66": 3.697026848796062, "67": 4.245045004910464, "68": 4.961046365655424, "69": 6.569855608330948, "70": 4.004258432476723, "71": 4.437278765660939, "72": 6.337194851540673, "73": 7.541286456134177, "74": 2.981290870929596, "75": 4.393532835690485, "76": 4.752232350819517, "77": 4.089590486276485, "78": 5.155720075346497, "79": 4.69014984204866, "80": 4.717856771218502, "81": 6.191343985077218, "82": 5.717856771218502, "83": 4.404747623186411, "84": 5.352624892110279, "85": 4.1530158664181185, "86": 5.318894034797729, "87": 3.658164026458608, "88": 6.591659978649297, "89": 5.7461062480226754, "90": 4.9399161988914075, "91": 5.0563648627428295, "92": 4.349525653451392, "93": 5.17479280881337, "94": 3.7655954926962094, "95": 5.843024391298455, "96": 4.396728174850291, "97": 5.247927513443585, "98": 5.951616952735494, "99": 5.383989063019614, "100": 6.136896201054841, "101": 6.4128118981853675, "102": 5.403140163364526, "103": 3.423363301353758, "104": 7.821394375326912, "105": 5.580716600962715, "106": 3.8332507330166994, "107": 6.606381484356062, "108": 3.350299839164035, "109": 6.337194851540673, "110": 5.717856771218502, "111": 6.115679715145146, "112": 4.754280179468375, "113": 6.69014984204866, "114": 4.69014984204866, "115": 2.4504994312912727, "116": 5.066506873163443, "117": 6.90993104992857, "118": 6.4926126093984875, "119": 4.4977498078505285, "120": 5.7461062480226754, "121": 7.04378679666336, "122": 4.390344558059438, "123": 5.315866342100161, "124": 2.219358361246815, "125": 4.889531251486932, "126": 5.139570335353167, "127": 5.172052646468458, "128": 4.437278765660939, "129": 3.1618231422002947, "130": 6.288899294499892, "131": 6.812832361823488, "132": 5.396728174850291, "133": 4.185805801535788, "134": 3.594408842689986, "135": 2.8230054252328975, "136": 5.202484542682418, "137": 5.599001953990465, "138": 3.384781970454186, "139": 6.937587392831435, "140": 5.250815792768412, "141": 4.126248956855333, "142": 4.817107016923814}